,0
0,Hustle 2022
1,Roudram Ranam Rudhiram
2,Spiderhead
3,Sing 2
4,Mission Impossible
5,Operation Mincemeat
6,The Amazing Spider Man
7,Mission Impossible Iv
8,The Gentlemen
9,Interceptor 2022
10,Saving Private Ryan
11,M I 2
12,Anchorman The Legend Of Ron Burgundy
13,Ricky Gervais Supernature
14,Norm Macdonald Nothing Special
15,Paddington
16,Identity
17,Titanic 1997
18,The Departed
19,Casino Royale Uncut Edition
20,Margin Call
21,Forrest Gump
22,The Adam Project
23,Blade Runner 2049
24,Jackass 4 5
25,Senior Year 2022
26,War Of The Worlds
27,Happy Gilmore
28,When Harry Met Sally
29,The Mist
30,It 2017
31,Leon The Professional
32,Inception
33,Hell Or High Water
34,Stand By Me
35,Taxi Driver
36,Forgetting Sarah Marshall
37,Forgotten
38,Dunkirk 2017
39,Once Upon A Time In America
40,The Hurt Locker
41,Vice 2018
42,Starship Troopers
43,Clifton Hill
44,Dumb And Dumber
45,The Quick And The Dead
46,The Other Guys
47,Charlie And The Chocolate Factory
48,Wind River 2017
49,Hunt For The Wilderpeople
50,La Chaqueta Metalica
51,Her
52,Django Unchained
53,Crazy Stupid Love
54,The Power Of The Dog
55,How To Train Your Dragon
56,Troy
57,Steel Magnolias
58,007 Quantum Of Solace
59,Cogans Trade
60,Blow
61,Monty Python And The Holy Grail
62,It Follows
63,A Nightmare On Elm Street
64,Gattaca
65,The Imitation Game
66,Our Father 2022
67,Tick Tick Boom
68,Dont Look Up 2021
69,Windfall 2022
70,Halftime
71,Nightcrawler
72,Michael Clayton
73,Sorry To Bother You
74,Road To Perdition
75,The Exorcist
76,Phantom Thread
77,Donnie Brasco
78,Into The Wild
79,Looper
80,Den Of Thieves
81,Connected 2020
82,The Boy 2016
83,The Last Samurai
84,Youve Got Mail
85,Wont You Be My Neighbor
86,Nocturnal Animals
87,Jackass The Movie
88,Midnight In Paris
89,Les Miserables
90,Kung Fu Panda The Kaboom Of Doom
91,Big Fish
92,True Grit
93,Red Notice
94,Rush 2013
95,The Gift 2015 0
96,The Social Network
97,Oldboy 2013
98,Raw
99,Love Actually
100,The Girl Next Door 2004
101,Im Thinking Of Ending Things
102,War Dogs
103,The House 2022
104,The Bubble 2022
105,Contagion
106,Legend 2015
107,Mollys Game
108,Public Enemies
109,Escape From Tehran
110,The Girl With The Dragon Tattoo
111,A Perfect Pairing
112,Blade Runner The Final Cut 2007
113,The Lost Daughter
114,Le Cercle
115,The Colony 2021
116,Brahms The Boy Ii
117,Girl Interrupted
118,The Hateful Eight
119,The Invisible Guest
120,Apollo 101 2 A Space Age Childhood
121,Apocalypse Now Redux 2001
122,Grandes Personnes
123,Eraser
124,Vegas Vacation
125,My Fair Lady
126,Conjuring The
127,Fighter The
128,Lunana A Yak In The Classroom
129,La Ira De Dios
130,Metal Lords
131,Annie
132,Christine Stephen King
133,Synchronic
134,Shrek Forever After
135,The Unforgivable
136,The Alpinist
137,Straight Up
138,Baahubali The Beginning
139,Crimson Peak
140,Life Of Brian
141,The Platform
142,Pete Davidson Presents The Best Friends
143,The Irishman
144,Bill Burr Presents Friends Who Kill
145,The Nightingale 2019
146,The Patriot
147,A River Runs Through It
148,Marriage Story
149,Just Go With It
150,The Harder They Fall 2021
151,Last Action Hero
152,Darkest Hour
153,Somethings Gotta Give
154,The Old Guard
155,Bo Burnham Inside
156,Rambo
157,13 Ghosts
158,The Rental 2020
159,Gantz O
160,Dark Shadows
161,Not Another Teen Movie
162,Tangerine
163,National Lampoons Christmas Vacation
164,Amy Schumers Parental Advisory
165,Desperado
166,Who We Are A Chronicle Of Racism In America
167,How To Train Your Dragon 2
168,The Bad Batch
169,Fractured 2019
170,Munich The Edge Of War
171,Summerland 2020 0
172,Dirty Harry
173,The Devil All The Time
174,Kung Fu Panda 3
175,The Martha Mitchell Effect
176,Monster
177,Blackhat
178,Dirty Daddy The Bob Saget Tribute
179,Lean On Me
180,My Octopus Teacher
181,The Ritual 2017
182,Closet Monster
183,The Duff
184,Once Upon A Time In Mexico
185,Toscana 2022
186,Cloudy With A Chance Of Meatballs
187,The Debt Collector 2018
188,42 The Jackie Robinson Story
189,The Ballad Of Buster Scruggs
190,U S Marshals
191,Olympus Has Fallen
192,Hail Caesar
193,Begin Again
194,Chickenhare And The Hamster Of Darkness
195,A Silent Voice
196,Freaks 2018
197,Without A Paddle
198,Tully 2018
199,The Takedown
200,The Book Of Eli
201,The Trip 2021
202,Harold And Kumar Go To White Castle
203,Beerfest
204,Awakenings
205,Project X 2012
206,The Outpost 2020
207,Bubble 2022
208,Le Passeur
209,I Care A Lot
210,The Guilty 2021
211,Edge Of Seventeen
212,In The Line Of Fire
213,The Edge Of Seventeen
214,Borrego
215,Rambo Last Blood
216,21 Bridges
217,The Weekend Away
218,Against The Ice
219,Mr Beans Holiday
220,Mr Right 2016
221,Road Trip
222,Seven Years In Tibet
223,Dr Seuss The Cat In The Hat
224,How Do You Know
225,Yes God Yes
226,Black Crab
227,Coming Home In The Dark
228,London Has Fallen
229,The Hand Of God
230,10 000 Bc
231,Bigbug
232,Along For The Ride 2022
233,Gunpowder Milkshake
234,Ghostland
235,I Am Not Your Negro
236,St Vincent
237,The Lake House
238,Insidious Chapter 2
239,Dark Skies 2013
240,Passing 2021
241,We Are Marshall
242,The Golden Compass
243,Blood Diamond
244,Any Given Sunday
245,3 Idiots
246,Ip Man
247,Ammar
248,Eurovision Song Contest The Story Of Fire Saga
249,Johnny Mnemonic
250,Heist
251,Rise Of The Guardians 3D
252,The King 2019 0
253,21
254,Chappie
255,Let Me In
256,Enola Holmes
257,Texas Chainsaw Massacre
258,My Girl
259,Anaconda 1
260,Jackass 2 5
261,Bonnie And Clyde
262,Total Recall
263,Till Death 2021
264,Philomena
265,Tim Burtons Corpse Bride
266,Godzilla 1998
267,Hello My Name Is Doris
268,The Mystery Of Marilyn Monroe The Unheard Tapes
269,The Blue Lagoon
270,14 Peaks Nothing Is Impossible
271,Ouija 2
272,The Space Between Us
273,Bruna Louise Demolicao
274,Little Women 1994
275,Fantastic Fungi
276,Kate
277,Shadows In My Eyes
278,Roma 2018
279,Home 2015
280,Fatherhood
281,Cliffhanger
282,Scary Stories To Tell In The Dark
283,A Nightmare On Elm Street 2010
284,White Hot The Rise And Fall Of Abercrombie And Fitch
285,Geralds Game
286,Mank
287,Creep
288,Big Eyes
289,6 Underground
290,Halloween 9
291,The Danish Girl
292,The Replacements
293,Puss In Boots 2011
294,Army Of Thieves
295,His House
296,Rescued By Ruby 2022
297,The Girl Next Door
298,Steve Jobs
299,John Q
300,The Sparks Brothers
301,The Green Inferno
302,The Trial Of The Chicago 7
303,El Camino A Breaking Bad Movie
304,Jane Fonda And Lily Tomlin Ladies Night Live
305,Set It Up
306,The One 2001
307,Beast 2022 0
308,Trees Of Peace
309,Speed Kills
310,Results
311,365 Days
312,Friday The 13Th 2009
313,The Meyerowitz Stories
314,Occupation Rainfall
315,The Other Boleyn Girl
316,A Monster Calls
317,The Sweetest Thing
318,The Call 2020 0
319,Oxygen 2021
320,The Bucket List
321,Jackass 35
322,The Guns Of Navarone
323,Christine
324,Menace Ii Society
325,Hush 2016
326,The Guernsey Literary And Potato Peel Pie Society
327,A Nightmare On Elm Street Part 8
328,Bird Box
329,Downfall The Case Against Boeing
330,Outlaw King
331,The Midnight Sky
332,Four Brothers
333,Triple Frontier
334,Choose Or Die
335,Cleaner
336,Level 16
337,Official Secrets
338,Extraction 2020
339,Memoirs Of A Geisha
340,Life As We Know It
341,Return To Space
342,Cyber Hell Exposing An Internet Horror
343,A Walk Among The Tombstones
344,The Net 1995
345,Penguins Of Madagascar
346,What Happened To Monday
347,Ben Is Back
348,Fear Street
349,Just Like Heaven
350,The Foreigner 2017
351,Tread
352,Captain Nova
353,Zone 414
354,Collision 2022
355,Crooked House
356,Loving 2016
357,Gladbeck The Hostage Crisis
358,Okja
359,The Forgotten Battle
360,In The Shadow Of The Moon 2019
361,Civil Ben Crump
362,The Men Who Stare At Goats
363,We Have Always Lived In The Castle
364,The Social Dilemma
365,Adrift 2018
366,Home Team 2022
367,Murder Mystery
368,Yolun Acik Olsun
369,Askin Kiyameti
370,Always Be My Maybe 2019
371,The Vault 2021
372,Nightbooks
373,The 13Th
374,Osmosis Jones
375,Unfriended
376,The Conjuring 2 The Enfield Poltergeist
377,365 Days This Day
378,Outlaws 2021
379,Army Of The Dead 2021
380,Sinister 2
381,The Cloverfield Paradox
382,The Texas Chainsaw Massacre 2003
383,Stand Out An Lgbtq Celebration
384,Apostle
385,Mirage 2018
386,Lee Daniels The Butler
387,Takers
388,The Woman In The Window 2019
389,Savages
390,Kodachrome
391,Seventh Son
392,The Night Comes For Us
393,Ma Raineys Black Bottom
394,Hollow Man 1
395,Hillbilly Elegy
396,The Package 2018
397,The Beguiled 2017
398,Spawn
399,Annabelle Creation
400,In A Valley Of Violence
401,The Dig 2021
402,Due Date
403,Rebecca 2020
404,Pieces Of A Woman
405,The Tinder Swindler
406,The Book Of Henry
407,Code 8 2019
408,Spectral
409,I Dont Feel At Home In This World Anymore
410,Scary Movie 4
411,The Ice Road
412,3 Ninjas Kick Back
413,Bhool Bhulaiyaa 2
414,Rurouni Kenshin
415,Fast Color
416,No One Gets Out Alive
417,Last Man Down
418,The Shack
419,Dear John
420,Hummingbird
421,Soul Surfer
422,The Half Of It
423,Ava 2020
424,The Paper Tigers
425,The Perfection
426,Fear Street 2
427,Catch And Release
428,Endless Love 1981
429,The Discovery
430,Starsky And Hutch
431,Peter Rabbit 2 The Runaway
432,Aftermath 2021
433,Worth 2021
434,The Devils Own
435,The Players Club
436,Fun With Dick And Jane 2005
437,The Dirt
438,Eagle Eye
439,We Die Young
440,Beirut
441,Destination Wedding 2018
442,Can You Keep A Secret
443,Shrek The Musical 2013
444,The Professionals
445,Soul Plane
446,The Last Letter From Your Lover
447,Bob Ross Happy Accidents Betrayal And Greed
448,The Witcher Nightmare Of The Wolf
449,Under Suspicion 2000
450,I Am Mother
451,American Ultra
452,Bad Trip 2020
453,Scary Movie 5
454,Extinction 2018
455,De Sang Froid
456,After 2019
457,The Highwaymen
458,Good Luck Chuck
459,Vivo
460,Premonition
461,My Little Pony A New Generation
462,The Wrong Missy
463,Things Heard And Seen
464,Five Feet Apart
465,Extremely Wicked Shockingly Evil And Vile
466,Monster House
467,New York Minute
468,After We Fell
469,Cam
470,Other People
471,Berserk The Golden Age Arc The Egg Of The King 2012
472,Like A Rolling Stone The Life And Times Of Ben Fong Torres
473,The Block Island Sound
474,Noche De Fuego
475,The Summit Of The Gods
476,Besser Welt Als Nie
477,The Getaway King
478,Lagaan Once Upon A Time In India
479,Self Less
480,Back To The Outback
481,Neon Genesis Evangelion The End Of Evangelion
482,Cloudy With A Chance Of Meatballs 2
483,Dave Chappelle The Closer
484,Hypnotic
485,Unknown
486,Forever B
487,Hostile Act
488,Sword Of Trust
489,Countdown 2019
490,Shes Gotta Have It
491,The Old Ways
492,Pokemon The Movie Secrets Of The Jungle
493,Under The Shadow 2016
494,Everything Must Go 2010
495,Bad Genius
496,Stowaway 2021
497,Procession
498,Berlin Syndrome
499,The Babysitter 2017
500,The Wandering Earth
501,The White Tiger
502,Mudbound
503,Velvet Buzzsaw
504,The Cave 2005
505,The Railway Man
506,In The Tall Grass
507,The Fundamentals Of Caring
508,Space Sweepers
509,The Call 2013
510,The Contractor 2007
511,Toolsidas Junior
512,Polar
513,Theres Someone Inside Your House
514,The Starling
515,Icarus 2017
516,Dolemite Is My Name
517,Jackass Presents Bad Grandpa 5
518,Mirai
519,Home Again 2017
520,The Trip 6
521,Kiss The Ground
522,Restless 2022
523,Fistful Of Vengeance
524,Mean Girls 2
525,Between Two Ferns The Movie
526,Veronica 2017 0
527,The Laundromat
528,Circle 2015
529,David Spade Nothing Personal
530,Da 5 Bloods
531,Legend Of The Guardians The Owls Of Gahoole
532,Snoop Doggs F Cn Around Comedy Special
533,Sas Red Notice
534,Hostel Part Iii
535,Charlie Says
536,The Lovebirds
537,Ophelia 2019
538,Aziz Ansari Nightclub Comedian
539,Blood Red Sky
540,Cbi 5 The Brain
541,The Hall Honoring The Greats Of Stand Up
542,Filosofi Kopi 3
543,Taylor Tomlinson Look At You
544,The Wind 2018
545,Croupier
546,Io
547,Brazen
548,He Never Died
549,Don 2022
550,Radium Girls
551,The Smurfs
552,The Boy Who Harnessed The Wind
553,Ricky Gervais Humanity
554,F Ck Love Too 2022
555,Malevolent 2018
556,The Red Sea Diving Resort
557,A Bad Moms Christmas
558,Everybody Knows
559,I Now Pronounce You Chuck And Larry
560,A X L
561,Alive 2020
562,We The Animals
563,Busters Mal Heart
564,A Babysitters Guide To Monster Hunting
565,Before I Wake
566,Black Mirror Bandersnatch
567,The Strangers Prey At Night
568,Night Teeth
569,Eddie Murphy Raw
570,The God Committee
571,Bastille Day
572,Get On Up
573,Silverton Siege
574,Texas Chainsaw Massacre The Beginning
575,The Long Riders
576,Robin Robin
577,Long Story Short 2021
578,Beasts Of No Nation
579,American Pie Presents Girls Rules
580,Someone Great
581,Gangubai Kathiawadi
582,Girl 2018
583,1Br
584,Replicas
585,Marmaduke 2022
586,Cargo 2018
587,Avengement
588,King Of Thieves
589,Crip Camp
590,After We Collided
591,Jack And Jill
592,Love Hard
593,Jimmy Carr His Dark Material
594,Intrusion 2021
595,Crouching Tiger Hidden Dragon Sword Of Destiny
596,Klaus
597,Skins 2017
598,Malcolm And Marie
599,Metallica Through The Never
600,David Attenborough A Life On Our Planet
601,Jana Gana Mana
602,To All The Boys Ive Loved Before
603,Ip Man 4 The Finale
604,A Farewell To Ozark
605,A Cop Movie
606,Rumor Has It
607,The Game Changers
608,The Ravenous
609,The Prom
610,Paradise Hills
611,Jim Gaffigan Comedy Monster
612,Anon
613,Dreamer Inspired By A True Story
614,1922
615,The Zookeepers Wife
616,Last Breath 2019
617,Cosmic Sin
618,Private Life
619,Team Foxcatcher
620,Hold The Dark
621,Friends With Money
622,Red Joan
623,Baahubali 2 The Conclusion
624,Larva Pendant
625,Richard Pryor Live In Concert
626,Trust No One The Hunt For The Crypto King
627,Hilda And The Mountain King
628,Silenced
629,Empire State
630,Katt Williams World War Iii
631,I Am Michael
632,Batman The Killing Joke
633,Close
634,Minnal Murali
635,Britney Vs Spears
636,Geronimo An American Legend
637,Through My Window
638,The Silence 2018
639,A Futile And Stupid Gesture
640,22 July
641,The Rite
642,The Forest 2016
643,Death To 2021
644,Fever Dream
645,Wine Country
646,Gifted Hands The Ben Carson Story
647,When We First Met
648,Joan Didion The Center Will Not Hold
649,Collateral Beauty
650,The Texas Chainsaw Massacre
651,Calibre
652,Mowgli
653,See You Yesterday 2019
654,Tyler Perrys A Madea Homecoming
655,No Direction Home Bob Dylan
656,Mixtape 2021
657,Schumacher
658,The Kindergarten Teacher 2018
659,Kingdom Ashin Of The North
660,Prey 2021
661,Midnight Sun 2017
662,The Big Wedding
663,Sleight
664,The Best Of Enemies
665,Who Am I
666,Spenser Confidential
667,Diana The Musical 2021
668,Death At A Funeral
669,Pokemon Mewtwo Strikes Back Evolution
670,The Humans And The Mongoose
671,American Factory
672,Yes Day
673,Beckett
674,Bright
675,Goon Last Of The Enforcers
676,Ali Wong Don Wong
677,Skylin3S
678,Creep 2
679,Mary Magdalene 2017
680,The Boss Baby Get That Baby
681,The Great Hack
682,Strange Weather
683,The Pirates The Last Royal Treasure
684,Kedibone
685,The Wasteland
686,The Two Popes
687,Mr Peabody And Sherman
688,Captain Underpants Epic Choice O Rama
689,Dumplin
690,The River Runner
691,The Siege Of Jadotville
692,Advantageous
693,I Frankenstein
694,Bruised
695,Happy As Lazzaro
696,Joel Kim Booster Psychosexual
697,Dave Chappelle Sticks And Stones
698,Horse Girl
699,Dick Johnson Is Dead
700,Youre My Boss
701,A Shaun The Sheep Movie Farmageddon
702,Shiny_Flakes The Teenage Drug Lord
703,Handsome Devil
704,Jim And Andy The Great Beyond
705,Blue Jay
706,Fyre The Greatest Party That Never Happened
707,Fear Street Part Three 1666
708,Death Note
709,An Evening With Beverly Luff Linn
710,Mute 2018
711,Duo Explosif
712,The Wolfs Call
713,Hes All That
714,A Classic Horror Story
715,Lost Girls
716,Thunder Force
717,America The Motion Picture
718,Ip Man 2
719,Tau
720,Moxie
721,The November Man
722,Girl On The Third Floor
723,Paddleton
724,Little Italy
725,Hikaru Utada Live Sessions From Air Studios
726,Centauro
727,Into The Inferno
728,Winter On Fire Ukraines Fight For Freedom
729,Sand Castle
730,We Summon The Darkness
731,Mascots
732,How It Ends
733,We Can Be Heroes
734,Arq
735,La Fille Du General
736,White Snake Ii The Tribulation Of The Green Snake
737,The Royal Treatment
738,Cop Out
739,The Swarm 2020
740,Quartet
741,All The Bright Places
742,The Sleepover
743,Sweet Girl
744,Beyond Skyline
745,Tell Me Who I Am
746,Two Distant Strangers
747,White Christmas
748,The Kissing Booth
749,Deck The Halls
750,Calm With Horses
751,The Kindness Of Strangers
752,Rolling Thunder Revue A Bob Dylan Story By Martin Scorsese
753,Front Cover
754,7 Prisoners
755,Photocopier
756,Eli 2019
757,Le Nouveau Karate Kid
758,Orbiter 9
759,I Lost My Body
760,The After Party
761,Jersey 2022
762,Victoria And Abdul
763,Anima 2019
764,Heart Parade
765,Louis C K Hilarious
766,A Very Harold And Kumar Christmas
767,Hannah Gadsby Nanette
768,Shaun The Sheep The Flight Before Christmas
769,Seaspiracy
770,100 Dias Con La Tata
771,Sweetheart 2019
772,Project Power
773,Outside The Wire 2021
774,No Escape Room
775,Over The Moon 2019
776,Dazzling Mirage
777,The Ridiculous 6
778,The Smurfs 2
779,Disclosure Trans Lives On Screen
780,The Water Man
781,Final Account
782,Awake 2021
783,Wish Dragon
784,Rim Of The World
785,Rbg
786,Nezha
787,Pray Away
788,Ghost In The Shell Sac_2045 Sustainable War
789,Singham
790,Tremors Shrieker Island
791,Brain On Fire
792,Suffragette
793,Hop
794,Errementari
795,The Other Side Of The Wind
796,Jiu Jitsu
797,Blue Miracle
798,Atlantics 2019
799,John Mulaney New In Town
800,Bo Burnham Make Happy
801,Ratchet And Clank
802,The Stronghold 2020
803,The Nxivm Cult A Mothers Nightmare
804,Like Stars On Earth
805,Sing Dance Act Kabuki Featuring Toma Ikuta
806,Iboy
807,Nate Bargatze The Greatest Average American
808,Hellfest
809,Good On Paper
810,One Second 2021
811,The Disciple 2020
812,Newness
813,Alex Strangelove
814,What Happened Miss Simone
815,Perfect Bid The Contestant Who Knew Too Much
816,This Changes Everything 2019
817,Andhadhun
818,Girlfriends Day
819,Heavy
820,Im No Longer Here
821,Brick Mansions
822,The Last Blockbuster
823,The Nut Job
824,Rurouni Kenshin The Beginning
825,Security 2017
826,I Am The Pretty Thing That Lives In The House
827,Half Past Dead
828,War Machine 2017
829,83
830,Trolls Holiday
831,Cowspiracy The Sustainability Secret
832,The Titan
833,A Boy Called Christmas
834,Steve Martin And Martin Short An Evening You Will Forget For The Rest Of Your Life
835,Blood And Bone
836,Win It All
837,Our Souls At Night
838,Backpackers
839,Did You Hear About The Morgans
840,By The Sea 2015
841,The Bye Bye Man
842,Love And Leashes
843,Dragonheart Vengeance
844,Siberia 2018
845,Count Me In
846,Chaos 2005
847,The Incredible Jessica James
848,Duck Butter
849,Initial D
850,Made You Look A True Story About Fake Art
851,Comedian
852,The Boys In The Band
853,Step Sisters
854,The Silence Of Others
855,Surviving R Kelly The Impact
856,Misha And The Wolves
857,The Kissing Booth 3
858,Miss Americana
859,Untold Malice At The Palace
860,Rita Moreno Just A Girl Who Decided To Go For It
861,Christmas With The Kranks
862,Beauty And The Bestie
863,What Lies Below
864,Earthquake Bird
865,John Mulaney Kid Gorgeous At Radio City
866,The Do Over
867,Lingua Franca
868,Hampstead
869,Annemin Yarasi
870,Thanks For Sharing
871,Cairo Station
872,Single All The Way 2021
873,Ip Man 3
874,Illang The Wolf Brigade
875,On Body And Soul
876,The Breaker Upperers
877,Jem And The Holograms
878,Rocks
879,My Fathers Violin
880,Black Holes The Edge Of All We Know
881,Doom Annihilation
882,Extinct
883,Audrey 2020
884,Finding Ohana
885,Pee Wees Big Holiday
886,American Murder The Family Next Door
887,Our Brand Is Crisis 2015 0
888,Bo Burnham What
889,To The Bone
890,The Last Thing He Wanted
891,Walk Of Shame
892,Barbie Princess Adventure
893,Pete Davidson Alive From New York
894,Long Shot
895,Lying And Stealing
896,School Life 2019
897,Framing John Delorean
898,Lets Dance 2019
899,Unicorn Store
900,Riverdance The Animated Adventure
901,La Familia Perfecta
902,Bathtubs Over Broadway
903,May The Devil Take You
904,Audible
905,The Minimalists Less Is Now
906,Four To Dinner
907,Adam Sandler 100 Fresh
908,Stuart Little 2
909,Piercing
910,Wasp Network
911,Middle School The Worst Years Of My Life
912,The Babysitter Killer Queen
913,Bonnie And Clyde 2013
914,Bill Burr Paper Tiger
915,Dude
916,Hubie Halloween
917,Birth Of The Dragon
918,The 8Th Night
919,Red Riding Hood
920,The Long Dumb Road
921,Berserk The Golden Age Arc Iii The Advent
922,The History Of Future Folk
923,Headshot 2016
924,Aileen Wuornos American Boogeywoman
925,Nobody Sleeps In The Woods Tonight
926,Story Of Dinda Second Chance Of Happiness
927,Deadly Illusions
928,Godzilla Planet Of The Monsters
929,Christina P Mom Genes
930,Psychokinesis
931,The Vanished
932,Let It Snow
933,Children Of God 1994
934,If I Leave Here Tomorrow A Film About Lynyrd Skynyrd
935,The Operative 2019
936,Jo Koy Comin In Hot
937,Shirkers
938,The Forest Of Love
939,The Resistance Banker
940,For The Love Of Spock
941,The Perfect Date
942,Radhe Shyam
943,Copenhagen
944,Offering To The Storm
945,Banana Split
946,High Flying Bird
947,Sergio 2020
948,The Battered Bastards Of Baseball
949,Holidate
950,Stand By Me Doraemon
951,White Girl
952,Violet Evergarden The Movie
953,Wheelman
954,Ghosts Of War
955,Dont Listen
956,2 Hearts
957,The Invisible Thread 2022
958,Your Name Engraved Herein
959,Unbreakable Kimmy Schmidt Kimmy Vs The Reverend
960,Poms
961,Concrete Cowboy
962,Zindagi Na Milegi Dobara
963,Children Of The Sea
964,Afterlife Of The Party
965,The Photographer Murder In Pinamar
966,My Best Friend Anne Frank
967,Game Over Man
968,Kuthiraivaal
969,Plastic Island
970,Vita And Virginia
971,The Forty Year Old Version
972,What The Health
973,Katt Williams The Pimp Chronicles Pt 1 2006
974,Thien Than Ho Menh
975,The Bar
976,The Seventh Day
977,All Rise
978,Honeymoon With My Mother
979,Altered Carbon Resleeved
980,The Princess Switch
981,Making The Billion Dollar Code
982,Nate Bargatze The Tennessee Kid
983,The Photographer Of Mauthausen
984,Demonic
985,Rivers Edge 2018
986,Pk
987,The Life Ahead
988,Welcome Home 2018
989,The Lonely Island Presents The Unauthorized Bash Brothers Experience
990,Vampires Vs The Bronx
991,Hot Girls Wanted
992,One Piece Film Z
993,Coded Bias
994,Fatima 2020
995,The Haunting In Connecticut 2 Ghosts Of Georgia
996,The Resurrection Of Gavin Stone
997,Donde Caben Dos
998,Badhaai Do
999,Arthur Christmas
1000,Tall Girl
1001,Uncorked 2020
1002,Words Bubble Up Like Soda Pop 2021
1003,The Fable The Killer Who Doesnt Kill
1004,Dancing On Glass
1005,Mindhorn
1006,Hyena Road
1007,A Whisker Away
1008,Michael Che Shame The Devil
1009,Breaded Life
1010,Love And Gelato
1011,The Darkness 2016
1012,O Vendedor De Sonhos
1013,Sam Kinison Breaking The Rules
1014,A Week Away
1015,Super Deluxe
1016,Homecoming A Film By Beyonce
1017,Toc Toc
1018,Miles Davis Birth Of The Cool
1019,The Reason I Jump
1020,Marauders
1021,Fullmetal Alchemist
1022,Bill Burr Im Sorry You Feel That Way
1023,W Lesie Dzis Nie Zasnie Nikt 2
1024,Cadaver 2020
1025,Ride Like A Girl
1026,Term Life
1027,Yaksha Ruthless Operations
1028,Virunga
1029,A Secret Love
1030,Drishyam
1031,The Occupant
1032,The Square
1033,Bigger Than Africa
1034,Kuch Kuch Hota Hai
1035,John Mulaney The Comeback Kid
1036,Tallulah
1037,Amanda Knox
1038,Tom Segura Ball Hog
1039,Norm Macdonald Hitlers Dog Gossip And Trickery
1040,The Distinguished Citizen
1041,Ni No Kuni
1042,John Mulaney And The Sack Lunch Bunch
1043,Ibiza
1044,Marco Polo One Hundred Eyes
1045,American Son 2019
1046,Little Evil
1047,Falling Inn Love
1048,Rurouni Kenshin The Final
1049,Major Grom Plague Doctor
1050,Milf 2018
1051,System Crasher
1052,Captain Underpants Mega Blissmas
1053,The Saint 2017 0
1054,Das Privileg Die Auserwahlten
1055,My Happy Family
1056,Django And Django
1057,The True Memoirs Of An International Assassin
1058,Middle Of Nowhere 2012
1059,The Wedding Guest 2019
1060,The Hard Way 2019
1061,The Bleeding Edge 2018
1062,Murder By The Coast
1063,An Easy Girl
1064,The Death And Life Of Marsha P Johnson
1065,Tall Girl 2
1066,Making The Witcher
1067,A Sun
1068,Lavender 2016
1069,Stand By Me Doraemon 2
1070,Ronny Chieng Speakeasy
1071,Dragon Rider 2020
1072,Tom Segura Completely Normal
1073,Jingle Jangle A Christmas Journey
1074,If Anything Happens I Love You
1075,Athlete A
1076,Bon Cop Bad Cop
1077,Love Wedding Repeat
1078,Cut Throat City
1079,The Turning Point 2021
1080,Death Of Me
1081,Zach Galifianakis Live At The Purple Onion
1082,Thar
1083,The Phantom 2021
1084,Only 2020
1085,The Grizzlies
1086,Rose Island
1087,The Outsider 2018
1088,Puff Wonders Of The Reef
1089,Om Shanti Om
1090,The Ottoman Lieutenant
1091,Sandy Wexler
1092,Bethany Hamilton Unstoppable
1093,Sierra Burgess Is A Loser
1094,Riot 2015
1095,Gaga Five Foot Two
1096,How I Became A Super Hero
1097,Mr Roosevelt
1098,The Bully Project
1099,Found 2021
1100,The Willoughbys
1101,Two
1102,Invader Zim Enter The Florpus
1103,Gueros
1104,Message From The King
1105,The Lost Husband
1106,Blood Brothers Malcolm X And Muhammad Ali
1107,Below Zero 2021
1108,In Darkness 2018
1109,Joan Rivers Dont Start With Me
1110,Fun Mom Dinner
1111,Godzilla The Planet Eater
1112,Much Loved
1113,Seized
1114,Surviving Paradise A Family Tale
1115,Aykut Eniste
1116,A Castle For Christmas
1117,Day Of The Dead Bloodline
1118,Zero 2018 0
1119,Brene Brown The Call To Courage
1120,Me Contro Te Il Film La Vendetta Del Signor S
1121,Benchwarmers 2 Breaking Balls
1122,Michelle Wolf Joke Show
1123,All Together Now 2020
1124,The Kissing Booth 2
1125,The Last Days 1998
1126,Lady Driver
1127,Cuties 2020
1128,The Taming Of The Shrewd
1129,Sorjonen Muraalimurhat
1130,Gather
1131,Next Gen
1132,To All The Boys P S I Still Love You
1133,Keeping The Bees
1134,Kin 2021
1135,Tramps 2016
1136,From Within
1137,Pele
1138,Montford The Chickasaw Rancher
1139,Septembers Of Shiraz
1140,John Leguizamos Latin History For Morons
1141,Ferry
1142,Chasing Coral
1143,The Loud House Movie
1144,Alpha And Omega
1145,Like Father
1146,Jodhaa Akbar
1147,Mobile Suit Gundam Hathaway
1148,Enter The Warriors Gate
1149,Take The Ball Pass The Ball
1150,Love Happens
1151,Hannah Gadsby Douglas
1152,Boyka Undisputed Iv
1153,Lego Jurassic World The Indominus Escape
1154,This Is The Night
1155,Trailer Park Boys The Movie
1156,Monster High Electrified
1157,Patsy And Loretta
1158,Rakuen Tsuihou Expelled From Paradise
1159,To All The Boys Always And Forever
1160,Elena 2013
1161,Time To Hunt
1162,Doctor
1163,Even The Rain
1164,The Beast 2020
1165,Lu Over The Wall
1166,Tigertail
1167,Coffee And Kareem
1168,Indian Horse
1169,Friendsgiving
1170,Trollhunters Rise Of The Titans
1171,Kabhi Khushi Kabhie Gham
1172,Berserk The Golden Age Arc Ii The Battle For Doldrey
1173,One Of Us 2017 0
1174,Jarhead Law Of Return
1175,Barfi
1176,Mike Birbiglia The New One
1177,The Coldest Game
1178,Carrie Pilby
1179,Incarnate
1180,I Am Not An Easy Man
1181,The Land Of Steady Habits
1182,Chris Distefano Speshy Weshy
1183,The Berlin File
1184,Inuyasha The Movie Affections Touching Across Time
1185,Desperados
1186,Unrest 2017
1187,Sweet And Sour 2021
1188,A Cinderella Story Christmas Wish
1189,Bigfoot Family
1190,Frank And Lola
1191,David Brent Life On The Road
1192,The Young Messiah
1193,The Christmas Chronicles
1194,Taylor Swift Reputation Stadium Tour
1195,Holiday In The Wild
1196,Sin City 2019
1197,Legends Of The Hidden Temple
1198,Penguin Bloom
1199,Tony Robbins I Am Not Your Guru
1200,The Last Mercenary
1201,Rock The Kasbah
1202,Oldur Beni Sevgilim
1203,9To5 The Story Of A Movement
1204,Zz Top That Little Ol Band From Texas
1205,Mindgamers
1206,Fate Grand Order First Order
1207,Omar
1208,Night In Paradise
1209,Barry
1210,Oprah Viola A Netflix Special Event
1211,Jonas 2018
1212,Anthony Jeselnik Fire In The Maternity Ward
1213,Ai Love You
1214,Loving 2017
1215,Lucid Dream
1216,Escape From Mr Lemoncellos Library
1217,The F K It List
1218,Sightless
1219,Blame 2017
1220,Mfkz
1221,Never Back Down Revolt
1222,Furioza
1223,Death To 2020
1224,Kathleen Madigan Bothering Jesus
1225,Naruto Shippuden The Movie 1
1226,Love Is God
1227,Father Of The Year
1228,Brother 2019
1229,Operation Varsity Blues The College Admissions Scandal
1230,Not Fancy
1231,Animal Crackers
1232,Rumspringa 2022
1233,The Knight Before Christmas
1234,Springsteen On Broadway
1235,Trouble 2019
1236,Je Suis Karl
1237,Ala Vaikunthapurramuloo
1238,Non Mi Uccidere
1239,Generation Iron 3
1240,Jim Jefferies Bare
1241,I Called Him Morgan
1242,One Piece Film Strong World
1243,The Black Godfather 2019
1244,I Am Woman 2020
1245,Undercover Brother 2
1246,Under The Eiffel Tower
1247,Rockos Modern Life Static Cling
1248,Bleach
1249,Escape From Planet Earth
1250,Ordinary World
1251,Ask Taktikleri
1252,Ultras
1253,Te Ata
1254,Waist Deep
1255,The Week Of
1256,Gnome Alone 2017
1257,Dhamaka 2021
1258,Lost Bullet
1259,Azali
1260,The Women And The Murderer
1261,Biking Borders Eine Etwas Andere Reise
1262,Voyeur
1263,Dry Martina
1264,The Fortress
1265,Rocco
1266,Kevin Hart What Now
1267,Irreplaceable You
1268,Tony Manero
1269,Brian Regan On The Rocks
1270,Father Christmas Is Back
1271,Only Mine
1272,The Polka King
1273,Sad Hill Unearthed
1274,The Show Must Go On The Queen Adam Lambert Story
1275,Search Party
1276,Marilyn Ha Gli Occhi Neri
1277,The Last Summer
1278,First They Killed My Father A Daughter Of Cambodia Remembers
1279,Iron Fists And Kung Fu Kicks
1280,Jeff Foxworthy The Good Old Days
1281,Sebastian Maniscalco Why Would You Do That
1282,Knight Rider 2000
1283,Monty Python Live At The Hollywood Bowl
1284,A Fall From Grace
1285,Dangerous Lies
1286,Servant Of The People 2
1287,Have A Good Trip Adventures In Psychedelics
1288,Us And Them
1289,Shimmer Lake
1290,Effie Gray
1291,Inside Man Most Wanted
1292,Knock Down The House
1293,Game Over 2019
1294,White Fang 2018
1295,Mobile Suit Gundam Chars Counterattack
1296,Queen
1297,Screwball
1298,Suspicious Truth
1299,Watchman
1300,Definition Please
1301,Okkos Inn
1302,Whose Streets
1303,Inventing David Geffen
1304,Jim Jefferies Freedumb
1305,Sarah Silverman A Speck Of Dust
1306,Debt Collectors
1307,Dabbe Cin Carpmasi
1308,The Clapper
1309,Nothing To Hide
1310,Dave Chappelle The Kennedy Center Mark Twain Prize
1311,Hyacinth 2021
1312,Te Quiero
1313,Bullet Head
1314,Hitler A Career
1315,Lego Marvel Super Heroes Avengers Reassembled
1316,The Falls 2021
1317,Maria Bamford The Special Special Special
1318,Freaks Youre One Of Us
1319,Hey Arnold The Jungle Movie
1320,Followfriday
1321,Outside In 2018
1322,Arahan
1323,The Bling Lagosians
1324,A Christmas Prince
1325,Seal Team
1326,Clive Davis The Soundtrack Of Our Lives
1327,The World Is Yours
1328,Benji 2018
1329,All Hail
1330,Tig
1331,Taylor Tomlinson Quarter Life Crisis
1332,Naruto The Movie Ninja Clash In The Land Of Snow
1333,Holy Camp
1334,Anne 2021
1335,Isi And Ossi
1336,Open Season 2
1337,Lascension
1338,Patton Oswalt Annihilation
1339,Special Correspondents
1340,Dragons Dawn Of The Dragon Racers
1341,Undefeated
1342,Donald Glover Weirdo
1343,My Suicide
1344,The Hand Of God Through The Eyes Of Sorrentino
1345,The Paramedic
1346,We Steal Secrets The Story Of Wikileaks
1347,Ms Pat Yall Wanna Hear Something Crazy
1348,Paraiso Perdido
1349,I Am All Girls
1350,Jim Jefferies Intolerant
1351,7 Years 2016
1352,The Devil Below
1353,Memories Of A Murderer The Nilsen Tapes
1354,The Battleship Island
1355,Donkeyhead 2022
1356,Legacy Of Lies
1357,The Boy Who Cried Werewolf
1358,Acts Of Vengeance
1359,The Visit 2015 0
1360,Rabbids Invasion Mission To Mars
1361,Homunculus
1362,The Princess Switch 3
1363,Fireworks Should We See It From The Side Or The Bottom
1364,Delta Farce
1365,The Edge Of Democracy
1366,Kung Fu Panda Secrets Of The Scroll
1367,Human Nature 2019
1368,Hasan Minhaj Homecoming King
1369,Pets United
1370,The Whole Truth 2021
1371,Biggie I Got A Story To Tell
1372,Yara 2021
1373,Stuck Together
1374,Rebirth 2016
1375,Secret Obsession
1376,Out Of Thin Air
1377,Carbone
1378,Airplane Mode
1379,Blackpink Light Up The Sky
1380,Pourris Gates
1381,Ride Or Die
1382,Lead Me Home
1383,Bill Nye Science Guy
1384,Red Dot
1385,Otherhood
1386,Circus Of Books
1387,Oh Hello On Broadway
1388,6 Bullets
1389,S W A T Under Siege
1390,Christmas Inheritance
1391,Free Birds
1392,American Girl 2021
1393,Roxanne Roxanne
1394,Game Changer 2021 0
1395,The Silver Skates
1396,What Did Jack Do
1397,Monty Python The Meaning Of Live
1398,Lego Marvel Spider Man Vexed By Venom
1399,The Angel
1400,Show Dogs
1401,Modest Heroes
1402,The Sky Is Pink
1403,Casting Jonbenet
1404,My Teacher My Obsession
1405,6 Years
1406,Madame Claude
1407,The Ruthless
1408,Lego Marvel Super Heroes Guardians Of The Galaxy The Thanos Threat
1409,The Private Life Of A Modern Woman
1410,Becoming 2020
1411,Fred 3 Camp Fred
1412,Coven 2020
1413,Naked 2017
1414,Animal World
1415,The Seven Deadly Sins Prisoners Of The Sky
1416,Yuri Marcal Ledo Engano
1417,Black Friday
1418,Bill Hicks Revelations
1419,Christmas In The Heartland
1420,Hakkunde
1421,Chris Rock Total Blackout The Tamborine Extended Cut
1422,Justin Timberlake The Tennessee Kids
1423,The Forgiven
1424,Derren Brown Miracle
1425,Our Lovers
1426,Looop Lapeta
1427,Jerry Seinfeld 23 Hours To Kill
1428,Fate The Winx Saga The Afterparty
1429,Sniper Ghost Shooter
1430,Heroin E
1431,Inhuman Kiss
1432,Jim Gaffigan Beyond The Pale
1433,The Witcher Fireplace
1434,Sankofa
1435,Naruto Shippuden The Movie The Lost Tower
1436,Seven 2019 0
1437,Main Hoon Na
1438,Bleach Fade To Black
1439,Michael Che Matters
1440,Jinxed
1441,Colin Quinn Unconstitutional
1442,The Stand In
1443,Jab We Met
1444,The Last Days Of American Crime
1445,Naruto Shippuden The Movie Blood Prison
1446,Secret Magic Control Agency
1447,The Little Vampire 3D
1448,Almost Love 2019
1449,Take Me
1450,What We Started
1451,Sebastian Maniscalco Stay Hungry
1452,The Decline
1453,Mike Birbiglia My Girlfriends Boyfriend
1454,Spelling The Dream
1455,Catfight
1456,Cairo 6 7 8
1457,Get Me Roger Stone
1458,Dasvi
1459,La Leyenda De La Nuahuala
1460,Mobile Suit Gundam Ii Soldiers Of Sorrow
1461,Theyll Love Me When Im Dead
1462,Disco Dancer
1463,Jerry Seinfeld Im Telling You For The Last Time
1464,Ee Nagaraniki Emaindi
1465,Dont Go Breaking My Heart
1466,Sebastian Maniscalco Whats Wrong With People
1467,Dancing Queens
1468,The Warning 2018
1469,City Of God 10 Years Later
1470,G O R A
1471,Lady J
1472,Rising High
1473,Nicole Byer Bbw Big Beautiful Weirdo
1474,Katherine Ryan Glitter Room
1475,Point Blank 2019
1476,Aspergers Are Us
1477,7 Kogustaki Mucize
1478,Work It
1479,Quincy
1480,6 Balloons
1481,Qismat
1482,The Hater
1483,All About Gila
1484,Jj E
1485,Close Enemies
1486,What About Dick
1487,Dil Chahta Hai
1488,The Most Hated Woman In America
1489,4K Fireplace
1490,Brian Regan Nunchucks And Flamethrowers
1491,Deep 2021
1492,The Christmas Chronicles 2
1493,Dance Of The Forty One
1494,Barbie Big City Big Dreams
1495,The Short Game
1496,Happy Anniversary 2018
1497,The Unjust
1498,Anonymously Yours
1499,The Body Remembers When The World Broke Open
1500,Expedition Happiness
1501,A Little Something For Your Birthday
1502,You Get Me
1503,Tom Segura Disgraceful
1504,All My Friends Are Dead 2020
1505,A Fortunate Man
1506,Soul Thieves
1507,A Twelve Year Night
1508,Lommbock
1509,A Princess For Christmas
1510,Clinical
1511,Baaghi
1512,El Patron Anatomy Of A Crime
1513,The Speed Cubers
1514,Best Wishes Warmest Regards A Schitts Creek Farewell
1515,137 Shots
1516,Don 2
1517,Dear Mother
1518,Special 26
1519,Rogue City
1520,Resort To Love
1521,Crack Cocaine Corruption And Conspiracy
1522,Sentinelle
1523,Yi Ngoi
1524,Ayinla
1525,Sniper Reloaded
1526,West Beirut
1527,Paint It Yellow
1528,The Open House
1529,Nappily Ever After
1530,Oye Lucky Lucky Oye
1531,Walk Ride Rodeo
1532,Godzilla City On The Edge Of Battle
1533,Sarkar 2018
1534,Dna 2020
1535,The Legend Of Cocaine Island
1536,Ufo 2022
1537,Free To Play
1538,Pandora 2016
1539,Skater Girl
1540,Taxi Driver 2015
1541,Anthony Jeselnik Thoughts And Prayers
1542,Bert Kreischer The Machine
1543,Funny Boy
1544,Haider
1545,Bulbbul
1546,Cobalt Blue
1547,Out Of My League
1548,The Holiday Calendar
1549,Best Of Stand Up 2020
1550,Furie 2019
1551,Trevor Noah Afraid Of The Dark
1552,Fortune Feimster Sweet And Salty
1553,Fashion
1554,The B Side Elsa Dorfmans Portrait Photography
1555,In The Shadow Of Iris
1556,David Foster Off The Record
1557,Bridgerton The Afterparty
1558,Ready To Mingle
1559,Meskina
1560,Kabir Singh
1561,Lego Dc Comics Super Heroes Batman Be Leaguered
1562,Kal Ho Naa Ho
1563,M8
1564,Kevin James Sweat The Small Stuff
1565,Elisa And Marcela
1566,37 Seconds
1567,American Woman 2019
1568,Go 2020
1569,Tig Notaro Happy To Be Here
1570,Slam 2017
1571,Petta
1572,One Night In Paris
1573,Article 15
1574,Hunterrr
1575,Swearnet The Movie
1576,Surviving Compton Dre Suge And Michelle
1577,Ghost Lab
1578,Burning Cane
1579,Neal Brennan 3 Mics
1580,Camaron Flamenco Y Revolucion
1581,Mishan Impossible
1582,Hoy Se Arregla El Mundo
1583,Lol Surprise The Movie
1584,Mard Ko Dard Nahi Hota
1585,Why Did You Kill Me
1586,Money Heist The Phenomenon
1587,Sergio
1588,Burn Out
1589,Big Time Movie
1590,Christmas With A Prince
1591,Guilty 2020
1592,Mersal
1593,Wedding Unplanned
1594,Nobody Knows Im Here
1595,Ella Fitzgerald Just One Of Those Things
1596,The Endless Trench
1597,The Scary House
1598,Thomas And Friends All Engines Go Race For The Sodor Cup
1599,Trailer Park Boys Countdown To Liquor Day 2009
1600,Bombay
1601,Feel The Beat 2020
1602,Tim Minchin And The Heritage Orchestra Live At The Royal Albert Hall
1603,Hey Sinamika
1604,Phil Wang Philly Philly Wang Wang
1605,Maria 2019
1606,Dolly Partons Christmas On The Square
1607,Sen Kiminle Dans Ediyorsun
1608,Lego Marvel Super Heroes Maximum Overload
1609,Security 2021
1610,Sarah Cooper Everythings Fine
1611,Toro 2016
1612,Michael Mcintyre Showman
1613,The American Meme
1614,Naruto Shippuden The Movie Inheritors Of The Will Of Fire
1615,Really Love
1616,The Day Of The Lord
1617,Puss In Book Trapped In An Epic Tale
1618,The Bros 2017
1619,Cousins 2021
1620,Audrie And Daisy
1621,Ronnie Coleman The King
1622,Pod Wiatr 2022
1623,Open Season Scared Silly
1624,A Kid From Coney Island
1625,Lust Stories
1626,Bheeshma
1627,Naruto The Movie Guardians Of The Crescent Moon Kingdom
1628,Brothers 2015 0
1629,Raman Raghav 2 0
1630,Fta
1631,The Father Who Moves Mountains
1632,Ralphie May Unruly
1633,Omg Oh My God
1634,Honey Girls 2021
1635,Mann
1636,Dostana 2008
1637,Abcd Any Body Can Dance
1638,Manto
1639,Three Songs For Benazir
1640,Es Por Tu Bien
1641,Villain 2020
1642,Isoken
1643,Waiting For The Hearse
1644,Cities Of Last Things
1645,Sivaji The Boss
1646,Seventeen 2019
1647,Jenny Slate Stage Fright
1648,Sooryavanshi
1649,Shaun The Sheep The Farmers Llamas
1650,Gabriel Fluffy Iglesias One Show Fits All
1651,Perdida
1652,Alaska Is A Drag 2017
1653,Pope Francis A Man Of His Word
1654,Mimi 2021
1655,Patria 2019
1656,Operation Christmas Drop
1657,Garfunkel And Oates Trying To Be Special
1658,Tatlim Tatlim Haybeden Gercekustu Ask
1659,Jo Koy In His Elements
1660,The Silence Of The Marsh
1661,Marc Maron End Times Fun
1662,Colin Quinn The New York Story
1663,All Day And A Night
1664,The Present 2020
1665,18 Presents
1666,La Tribu
1667,How I Fell In Love With A Gangster
1668,Lulli
1669,Samouni Road
1670,Jo Koy Live From Seattle
1671,Rip Tide
1672,Flavors Of Youth
1673,Sabrina 2018
1674,Toilet Ek Prem Katha
1675,Kapoor And Sons
1676,Mucho Mucho Amor
1677,A Christmas Special Miraculous Tales Of Ladybug And Cat Noir
1678,The Outcasts
1679,Bobbleheads The Movie
1680,A Quien Te Llevarias A Una Isla Desierta
1681,Forgive Us Our Trespasses
1682,The Mars Generation
1683,Swades We The People
1684,Hard Kill
1685,Dolly Parton Here I Am
1686,Haseen Dillruba
1687,Hold Your Breath The Ice Dive
1688,Black Is Beltza
1689,Forensic
1690,Jonas Brothers Family Roast
1691,Delhi Belly
1692,World Famous Lover
1693,Raising The Bar
1694,Back Of The Net
1695,The Son 2019
1696,Tim Allen Men Are Pigs
1697,Love Sex Aur Dhokha
1698,Squared Love
1699,Lionheart 2018
1700,Shawn Mendes In Wonder
1701,Ittefaq It Happened One Night
1702,Alis Wedding
1703,Wish Upon A Unicorn
1704,Made In China 2019
1705,Kuntilanak
1706,Tune In For Love
1707,How To Be Really Bad
1708,Veteran
1709,Eric Andre Legalize Everything
1710,The Crimes That Bind
1711,Etharkkum Thunindhavan
1712,2 States
1713,Charming 2018
1714,Michael Boltons Big Sexy Valentines Day Special
1715,El Camino Christmas
1716,Heroes Silence And Rock And Roll
1717,Dil Dhadakne Do
1718,4 Latas
1719,Colin Quinn Red State Blue State
1720,The Boys In The Band Something Personal
1721,Rodrigo Santanna Cheguei
1722,One Piece The Desert Princess And The Pirates Adventure In Alabasta
1723,Bert Kreischer Hey Big Boy
1724,Frankensteins Monsters Monster Frankenstein
1725,Rock On
1726,Force 2
1727,Limitless 2017
1728,Pegasus 2019
1729,Steel Rain
1730,Deidra And Laney Rob A Train
1731,Riphagen
1732,Killing Hasselhoff
1733,Judd Apatow The Return
1734,Black Beach
1735,The Princess Switch Switched Again
1736,Baggio The Devine Ponytail
1737,Violet Evergarden Eternity And The Auto Memory Doll
1738,Berlin Berlin
1739,Naruto Shippuden The Movie Bonds
1740,Bending The Arc
1741,High And Low The Movie
1742,Malibu Rescue
1743,Thalaivi
1744,The Last Forest
1745,Attack Of The Hollywood Cliches
1746,A California Christmas
1747,Duck Duck Goose 2018
1748,A Very Murray Christmas
1749,Rory Scovel Tries Stand Up For The First Time
1750,The Plagues Of Breslau
1751,A California Christmas City Lights
1752,Bareilly Ki Barfi
1753,Jeff Dunham Arguing With Myself
1754,She Smiles Shes Snared
1755,Roohi
1756,Kamiarizuki No Kodomo
1757,Duplicate
1758,Halal Love
1759,Manson Family Vacation
1760,Guru 2007
1761,Wake Up Sid
1762,My Perfect Romance
1763,Despite Everything
1764,Theo Von Regular People
1765,Confessions Of An Invisible Girl
1766,El Faro De Las Orcas
1767,Love Aaj Kal 2020
1768,Bleach Hell Chapter
1769,Dear Ex
1770,Xoxo
1771,God Calling
1772,The Brave
1773,Most Eligible Bachelor
1774,Crazy About Her
1775,Tu Hijo
1776,One Shot 2015
1777,Pyaar Ka Punchnama
1778,Come Sunday
1779,The Door Into Summer
1780,Clair Obscur
1781,Amateur
1782,Finally Found Someone
1783,Spf 18
1784,Strong Island
1785,The Third Eye
1786,Bibi And Tina Perfect Pandemonium
1787,Monster Hunter Legends Of The Guild
1788,Ishqiya
1789,Iliza Shlesinger Freezing Hot
1790,Cuba And The Cameraman
1791,A Christmas Prince The Royal Wedding
1792,Nayattu
1793,Udta Punjab
1794,The Soul
1795,Jimmy Carr The Best Of Ultimate Gold Greatest Hits
1796,Boss
1797,Amy Schumer Growing
1798,Manhunt 2017
1799,The Motive
1800,Ram Dass Going Home
1801,Kannathil Muthamittal
1802,The Four Of Us
1803,Adam His Song Continues
1804,Romance Doll
1805,Stree
1806,Miss Granny
1807,Aziz Ansari Right Now
1808,Forgive Us Our Debts 2018
1809,The Drug King
1810,Seth Meyers Lobby Baby
1811,Vicky And Her Mystery
1812,Sky Ladder The Art Of Cai Guo Qiang 2016
1813,Jim Jefferies This Is Me Now
1814,First Sunday
1815,Whitney Cummings Money Shot
1816,Ben Platt Live From Radio City Music Hall
1817,Angamaly Diaries
1818,Night Drive 2022
1819,What Would Sophia Loren Do
1820,One 2021
1821,Escape The Undertaker
1822,Christmas With A View
1823,Highway
1824,Bikram Yogi Guru Predator
1825,Superlopez
1826,Whitney Cummings Can I Touch It
1827,Mom 2017
1828,Les Gouts Et Les Couleurs
1829,Live Twice Love Once
1830,Phir Hera Pheri
1831,Lakshya
1832,Unknown Origins
1833,Nacido En Gaza
1834,The Legacy Of A Whitetail Deer Hunter
1835,Jab Harry Met Sejal
1836,Bulletproof 2
1837,Kardec
1838,Our Planet Behind The Scenes
1839,Oh Ramona
1840,Craig Ferguson Tickle Fight
1841,Malaal
1842,Chup Chup Ke
1843,Dani Rovira Odio
1844,Zip And Zap And The Captains Island
1845,Untold Breaking Point
1846,Asphalt Burning
1847,Ludo 2020
1848,Chris Tucker Live
1849,Sam Kinison Family Entertainment Hour
1850,Twin Murders The Silence Of The White City
1851,Solo 2018
1852,Fierce 2020
1853,Derren Brown The Push
1854,Jaane Tu Ya Jaane Na
1855,Grand Daddy Day Care
1856,Memories Of A Teenager
1857,Bill Hicks Relentless
1858,So My Grandmas A Lesbian
1859,Qarib Qarib Singlle
1860,Rich In Love
1861,Katt Williams Kattpacalypse
1862,Cuarentones
1863,Joy 2018
1864,Buybust
1865,Lo Nunca Visto
1866,Cinderella Pop
1867,Deadly Switch
1868,The George Mckenna Story
1869,Russell Brand Re Birth
1870,Annefrank Parallel Stories
1871,Arlo The Alligator Boy
1872,Lavell Crawford Can A Brother Get Some Love
1873,The Larva Island Movie
1874,Ronny Chieng Asian Comedian Destroys America
1875,Little Boxes
1876,The Doll 2016
1877,My Next Guest With David Letterman And Shah Rukh Khan
1878,Under The Riccione Sun
1879,Fearless 2020
1880,Bill Hicks One Night Stand
1881,Zoo 2017
1882,Amor Com
1883,Tiger And Bunny The Movie The Rising
1884,Dana Carvey Straight White Male 60
1885,My Fuhrer
1886,Gabriel Iglesias Im Sorry For What I Said When I Was Hungry
1887,Keith Richards Under The Influence
1888,Toll Booth
1889,Love Beats Rhymes
1890,Eerie
1891,Barbie Dolphin Magic
1892,Untold Caitlyn Jenner
1893,Chennai Express
1894,Mother 2020
1895,Double World
1896,Vengeance Is Mine All Others Pay Cash
1897,The Last Laugh 2019
1898,Mike Birbiglia What I Should Have Said Was Nothing
1899,The Legend Of Bhagat Singh
1900,Raajneeti
1901,Seeing Allred
1902,The Bridge Curse
1903,The Fable
1904,Monty Python Conquers America
1905,Holiday On Mars
1906,Jack Whitehall Im Only Joking
1907,Kabhi Alvida Naa Kehna
1908,Ghost Stories 2019
1909,Happy Old Year
1910,High Society 2018
1911,Christmas Wedding Planner
1912,The Other One The Long Strange Trip Of Bob Weir
1913,Iliza Shlesinger Elder Millennial
1914,Whisky
1915,Dany De Boon Des Hauts De France
1916,Ali Wong Baby Cobra
1917,Earthquake Legendary
1918,Panipat
1919,Don 2006 0
1920,Drive 2019
1921,Naruto The Movie Legend Of The Stone Of Gelel
1922,Awara Paagal Deewana
1923,A Second Chance 2013
1924,You 2021
1925,Dynasty Warriors
1926,Bhavesh Joshi Superhero
1927,The 2Nd
1928,Battle
1929,Take Your Pills
1930,Mosul 2020
1931,Secret Superstar
1932,Love Guaranteed
1933,Wonder Boy
1934,Get The Goat
1935,The Ryan White Story
1936,Heart Shot
1937,Blippi The Musical
1938,Kasanova
1939,My Masterpiece
1940,Tiger And Bunny The Beginning
1941,Malang
1942,Divines
1943,Saaho
1944,Animales Sin Collar
1945,Maria Bamford Old Baby
1946,Wolkenbruchs Wondrous Journey Into The Arms Of A Shiksa
1947,Trailer Park Boys Say Goodnight To The Bad Guys
1948,The Lion Woman
1949,Fred Armisen Standup For Drummers
1950,Picture A Scientist
1951,Nothing To Lose 2018
1952,Sundays Illness
1953,Paradise Beach
1954,Mommy Issues
1955,Wanda Sykes Not Normal
1956,Welcome To Sudden Death
1957,Jim Gaffigan King Baby
1958,A Land Imagined
1959,Mo Amer Mohammed In Texas
